<?xml version="1.0" encoding="UTF-8" standalone="no"?>
<Configuration>
  <DisplayManager>
    <SystemInitScript dnOrder="0"/>
    <SystemStartScript dnOrder="1"/>
  </DisplayManager>
  <General>
    <HarmonyPath dnOrder="0" path="../.."/>
    <Processor dnOrder="1" name="PIC32MZ2048EFH144"/>
    <Board dnOrder="2" name=" "/>
    <ForceOptimization dnOrder="3" flag="true"/>
    <MergeStrategy dnOrder="4" flag="USER_ALL"/>
  </General>
  <Manifest>
    <Files dnOrder="0">
      <File dnOrder="0">
        <Name dnOrder="0">semphr.h</Name>
        <Path dnOrder="1">Header&amp;#160;Files/FreeRTOS</Path>
      </File>
      <File dnOrder="1">
        <Name dnOrder="0">driver_common.h</Name>
        <Path dnOrder="1">Header&amp;#160;Files/framework/driver</Path>
      </File>
      <File dnOrder="2">
        <Name dnOrder="0">queue.h</Name>
        <Path dnOrder="1">Header&amp;#160;Files/FreeRTOS</Path>
      </File>
      <File dnOrder="3">
        <Name dnOrder="0">sys_dma_definitions.h</Name>
        <Path dnOrder="1">Header&amp;#160;Files/framework/system/dma</Path>
      </File>
      <File dnOrder="4">
        <Name dnOrder="0">drv_usart_byte_model.c</Name>
        <Path dnOrder="1">Source&amp;#160;Files/framework/driver/usart/src/dynamic</Path>
      </File>
      <File dnOrder="5">
        <Name dnOrder="0">croutine.c</Name>
        <Path dnOrder="1">Source&amp;#160;Files/FreeRTOS</Path>
      </File>
      <File dnOrder="6">
        <Name dnOrder="0">mpu_prototypes.h</Name>
        <Path dnOrder="1">Header&amp;#160;Files/FreeRTOS</Path>
      </File>
      <File dnOrder="7">
        <Name dnOrder="0">portmacro.h</Name>
        <Path dnOrder="1">Header&amp;#160;Files/FreeRTOS/portable/MPLAB/PIC32MZ</Path>
      </File>
      <File dnOrder="8">
        <Name dnOrder="0">drv_usart_buffer_queue.c</Name>
        <Path dnOrder="1">Source&amp;#160;Files/framework/driver/usart/src/dynamic</Path>
      </File>
      <File dnOrder="9">
        <Name dnOrder="0">list.h</Name>
        <Path dnOrder="1">Header&amp;#160;Files/FreeRTOS</Path>
      </File>
      <File dnOrder="10">
        <Name dnOrder="0">driver.h</Name>
        <Path dnOrder="1">Header&amp;#160;Files/framework/driver</Path>
      </File>
      <File dnOrder="11">
        <Name dnOrder="0">sys_int_pic32.c</Name>
        <Path dnOrder="1">Source&amp;#160;Files/framework/system/int/src</Path>
      </File>
      <File dnOrder="12">
        <Name dnOrder="0">stream_buffer.h</Name>
        <Path dnOrder="1">Header&amp;#160;Files/FreeRTOS</Path>
      </File>
      <File dnOrder="13">
        <Name dnOrder="0">sys_clk.h</Name>
        <Path dnOrder="1">Header&amp;#160;Files/framework/system/clk</Path>
      </File>
      <File dnOrder="14">
        <Name dnOrder="0">sys_ports_definitions.h</Name>
        <Path dnOrder="1">Header&amp;#160;Files/framework/system/ports</Path>
      </File>
      <File dnOrder="15">
        <Name dnOrder="0">sys_int_private.h</Name>
        <Path dnOrder="1">Header&amp;#160;Files/framework/system/int/src</Path>
      </File>
      <File dnOrder="16">
        <Name dnOrder="0">deprecated_definitions.h</Name>
        <Path dnOrder="1">Header&amp;#160;Files/FreeRTOS</Path>
      </File>
      <File dnOrder="17">
        <Name dnOrder="0">system.h</Name>
        <Path dnOrder="1">Header&amp;#160;Files/framework/system</Path>
      </File>
      <File dnOrder="18">
        <Name dnOrder="0">drv_usart.h</Name>
        <Path dnOrder="1">Header&amp;#160;Files/framework/driver/usart</Path>
      </File>
      <File dnOrder="19">
        <Name dnOrder="0">message_buffer.h</Name>
        <Path dnOrder="1">Header&amp;#160;Files/FreeRTOS</Path>
      </File>
      <File dnOrder="20">
        <Name dnOrder="0">timers.h</Name>
        <Path dnOrder="1">Header&amp;#160;Files/FreeRTOS</Path>
      </File>
      <File dnOrder="21">
        <Name dnOrder="0">heap_1.c</Name>
        <Path dnOrder="1">Source&amp;#160;Files/FreeRTOS/portable/MemMang</Path>
      </File>
      <File dnOrder="22">
        <Name dnOrder="0">task.h</Name>
        <Path dnOrder="1">Header&amp;#160;Files/FreeRTOS</Path>
      </File>
      <File dnOrder="23">
        <Name dnOrder="0">port.c</Name>
        <Path dnOrder="1">Source&amp;#160;Files/FreeRTOS/portable/MPLAB/PIC32MZ</Path>
      </File>
      <File dnOrder="24">
        <Name dnOrder="0">sys_int.h</Name>
        <Path dnOrder="1">Header&amp;#160;Files/framework/system/int</Path>
      </File>
      <File dnOrder="25">
        <Name dnOrder="0">list.c</Name>
        <Path dnOrder="1">Source&amp;#160;Files/FreeRTOS</Path>
      </File>
      <File dnOrder="26">
        <Name dnOrder="0">sys_dma.h</Name>
        <Path dnOrder="1">Header&amp;#160;Files/framework/system/dma</Path>
      </File>
      <File dnOrder="27">
        <Name dnOrder="0">osal_freertos.h</Name>
        <Path dnOrder="1">Header&amp;#160;Files/framework/osal</Path>
      </File>
      <File dnOrder="28">
        <Name dnOrder="0">osal.h</Name>
        <Path dnOrder="1">Header&amp;#160;Files/framework/osal</Path>
      </File>
      <File dnOrder="29">
        <Name dnOrder="0">StackMacros.h</Name>
        <Path dnOrder="1">Header&amp;#160;Files/FreeRTOS</Path>
      </File>
      <File dnOrder="30">
        <Name dnOrder="0">drv_usart_local.h</Name>
        <Path dnOrder="1">Header&amp;#160;Files/framework/driver/usart/src</Path>
      </File>
      <File dnOrder="31">
        <Name dnOrder="0">osal_freertos.c</Name>
        <Path dnOrder="1">Source&amp;#160;Files/framework/osal/src</Path>
      </File>
      <File dnOrder="32">
        <Name dnOrder="0">tasks.c</Name>
        <Path dnOrder="1">Source&amp;#160;Files/FreeRTOS</Path>
      </File>
      <File dnOrder="33">
        <Name dnOrder="0">sys_ports.h</Name>
        <Path dnOrder="1">Header&amp;#160;Files/framework/system/ports</Path>
      </File>
      <File dnOrder="34">
        <Name dnOrder="0">projdefs.h</Name>
        <Path dnOrder="1">Header&amp;#160;Files/FreeRTOS</Path>
      </File>
      <File dnOrder="35">
        <Name dnOrder="0">ISR_Support.h</Name>
        <Path dnOrder="1">Header&amp;#160;Files/FreeRTOS/portable/MPLAB/PIC32MZ</Path>
      </File>
      <File dnOrder="36">
        <Name dnOrder="0">drv_usart_read_write.c</Name>
        <Path dnOrder="1">Source&amp;#160;Files/framework/driver/usart/src/dynamic</Path>
      </File>
      <File dnOrder="37">
        <Name dnOrder="0">portable.h</Name>
        <Path dnOrder="1">Header&amp;#160;Files/FreeRTOS</Path>
      </File>
      <File dnOrder="38">
        <Name dnOrder="0">drv_usart.c</Name>
        <Path dnOrder="1">Source&amp;#160;Files/framework/driver/usart/src/dynamic</Path>
      </File>
      <File dnOrder="39">
        <Name dnOrder="0">croutine.h</Name>
        <Path dnOrder="1">Header&amp;#160;Files/FreeRTOS</Path>
      </File>
      <File dnOrder="40">
        <Name dnOrder="0">sys_common.h</Name>
        <Path dnOrder="1">Header&amp;#160;Files/framework/system/common</Path>
      </File>
      <File dnOrder="41">
        <Name dnOrder="0">sys_buffer.h</Name>
        <Path dnOrder="1">Header&amp;#160;Files/framework/system/common</Path>
      </File>
      <File dnOrder="42">
        <Name dnOrder="0">event_groups.h</Name>
        <Path dnOrder="1">Header&amp;#160;Files/FreeRTOS</Path>
      </File>
      <File dnOrder="43">
        <Name dnOrder="0">drv_usart_definitions.h</Name>
        <Path dnOrder="1">Header&amp;#160;Files/framework/driver/usart</Path>
      </File>
      <File dnOrder="44">
        <Name dnOrder="0">sys_clk_compatibility.h</Name>
        <Path dnOrder="1">Header&amp;#160;Files/framework/system/clk</Path>
      </File>
      <File dnOrder="45">
        <Name dnOrder="0">osal_impl_basic.h</Name>
        <Path dnOrder="1">Header&amp;#160;Files/framework/osal</Path>
      </File>
      <File dnOrder="46">
        <Name dnOrder="0">sys_clk_mapping.h</Name>
        <Path dnOrder="1">Header&amp;#160;Files/framework/system/clk</Path>
      </File>
      <File dnOrder="47">
        <Name dnOrder="0">sys_int_mapping.h</Name>
        <Path dnOrder="1">Header&amp;#160;Files/framework/system/int</Path>
      </File>
      <File dnOrder="48">
        <Name dnOrder="0">osal_definitions.h</Name>
        <Path dnOrder="1">Header&amp;#160;Files/framework/osal</Path>
      </File>
      <File dnOrder="49">
        <Name dnOrder="0">stream_buffer.c</Name>
        <Path dnOrder="1">Source&amp;#160;Files/FreeRTOS</Path>
      </File>
      <File dnOrder="50">
        <Name dnOrder="0">FreeRTOS.h</Name>
        <Path dnOrder="1">Header&amp;#160;Files/FreeRTOS</Path>
      </File>
      <File dnOrder="51">
        <Name dnOrder="0">event_groups.c</Name>
        <Path dnOrder="1">Source&amp;#160;Files/FreeRTOS</Path>
      </File>
      <File dnOrder="52">
        <Name dnOrder="0">port_asm.S</Name>
        <Path dnOrder="1">Source&amp;#160;Files/FreeRTOS/portable/MPLAB/PIC32MZ</Path>
      </File>
      <File dnOrder="53">
        <Name dnOrder="0">sys_debug.h</Name>
        <Path dnOrder="1">Header&amp;#160;Files/framework/system/debug</Path>
      </File>
      <File dnOrder="54">
        <Name dnOrder="0">drv_usart_variant_mapping.h</Name>
        <Path dnOrder="1">Header&amp;#160;Files/framework/driver/usart/src</Path>
      </File>
      <File dnOrder="55">
        <Name dnOrder="0">sys_module.h</Name>
        <Path dnOrder="1">Header&amp;#160;Files/framework/system/common</Path>
      </File>
      <File dnOrder="56">
        <Name dnOrder="0">timers.c</Name>
        <Path dnOrder="1">Source&amp;#160;Files/FreeRTOS</Path>
      </File>
      <File dnOrder="57">
        <Name dnOrder="0">mpu_wrappers.h</Name>
        <Path dnOrder="1">Header&amp;#160;Files/FreeRTOS</Path>
      </File>
      <File dnOrder="58">
        <Name dnOrder="0">sys_queue.h</Name>
        <Path dnOrder="1">Header&amp;#160;Files/framework/system/common</Path>
      </File>
      <File dnOrder="59">
        <Name dnOrder="0">queue.c</Name>
        <Path dnOrder="1">Source&amp;#160;Files/FreeRTOS</Path>
      </File>
    </Files>
    <Templates dnOrder="1">
      <Template dnOrder="0">
        <Name dnOrder="0">sys_ports_static.c</Name>
        <Path dnOrder="1">Source&amp;#160;Files/app/system_config/default/framework/system/ports/src</Path>
        <Checksum dnOrder="2">B1681AB19837610AC45FEF6152DA1892</Checksum>
      </Template>
      <Template dnOrder="1">
        <Name dnOrder="0">sys_devcon_cache.h</Name>
        <Path dnOrder="1">Source&amp;#160;Files/app/system_config/default/framework/system/devcon/src</Path>
        <Checksum dnOrder="2">5EB0485AC07A8B25665195B960AFBE5B</Checksum>
      </Template>
      <Template dnOrder="2">
        <Name dnOrder="0">system_interrupt_a.S</Name>
        <Path dnOrder="1">Source&amp;#160;Files/app/system_config/default</Path>
        <Checksum dnOrder="2">F8E29721D7D91213A568F3DC060408EC</Checksum>
      </Template>
      <Template dnOrder="3">
        <Name dnOrder="0">UART5.h</Name>
        <Path dnOrder="1">Header&amp;#160;Files/app</Path>
        <Checksum dnOrder="2">AEA02BA4D293233A147427841E8AD948</Checksum>
      </Template>
      <Template dnOrder="4">
        <Name dnOrder="0">UART6.h</Name>
        <Path dnOrder="1">Header&amp;#160;Files/app</Path>
        <Checksum dnOrder="2">0309E60CFC605B053DC9653DD5EFFF3E</Checksum>
      </Template>
      <Template dnOrder="5">
        <Name dnOrder="0">UART1.h</Name>
        <Path dnOrder="1">Header&amp;#160;Files/app</Path>
        <Checksum dnOrder="2">61B7A7440B18983DE06376529A3C9B9D</Checksum>
      </Template>
      <Template dnOrder="6">
        <Name dnOrder="0">UART2.h</Name>
        <Path dnOrder="1">Header&amp;#160;Files/app</Path>
        <Checksum dnOrder="2">DA6A9E3EE5A51ABB3ECC1D2E9080C70F</Checksum>
      </Template>
      <Template dnOrder="7">
        <Name dnOrder="0">UART3.h</Name>
        <Path dnOrder="1">Header&amp;#160;Files/app</Path>
        <Checksum dnOrder="2">8E12030EE35999BDE8780C71BF6DE579</Checksum>
      </Template>
      <Template dnOrder="8">
        <Name dnOrder="0">UART4.h</Name>
        <Path dnOrder="1">Header&amp;#160;Files/app</Path>
        <Checksum dnOrder="2">6E203FE261C2AB4C7D82DF6EDA65E14A</Checksum>
      </Template>
      <Template dnOrder="9">
        <Name dnOrder="0">bsp.c</Name>
        <Path dnOrder="1">Source&amp;#160;Files/app/system_config/default/bsp</Path>
        <Checksum dnOrder="2">817E627B634B58CD266AB513B8267576</Checksum>
      </Template>
      <Template dnOrder="10">
        <Name dnOrder="0">sys_devcon_local.h</Name>
        <Path dnOrder="1">Header&amp;#160;Files/app/system_config/default/framework/system/devcon/src</Path>
        <Checksum dnOrder="2">B66F9B4DBD85DA7F9DE775E864E01395</Checksum>
      </Template>
      <Template dnOrder="11">
        <Name dnOrder="0">sys_devcon.h</Name>
        <Path dnOrder="1">Header&amp;#160;Files/app/system_config/default/framework/system/devcon</Path>
        <Checksum dnOrder="2">07580DCDEF89D9C79B062544109C5367</Checksum>
      </Template>
      <Template dnOrder="12">
        <Name dnOrder="0">bsp.h</Name>
        <Path dnOrder="1">Header&amp;#160;Files/app/system_config/default/bsp</Path>
        <Checksum dnOrder="2">DB474384E40DF0E709C0FC7E3A4292E9</Checksum>
      </Template>
      <Template dnOrder="13">
        <Name dnOrder="0">FreeRTOSConfig.h</Name>
        <Path dnOrder="1">Header&amp;#160;Files/app/system_config/default</Path>
        <Checksum dnOrder="2">AC760CBD25D13125F12FEC1059E9CDCC</Checksum>
      </Template>
      <Template dnOrder="14">
        <Name dnOrder="0">system_interrupt.c</Name>
        <Path dnOrder="1">Source&amp;#160;Files/app/system_config/default</Path>
        <Checksum dnOrder="2">69506996FC10BE3A42DC01B673B44561</Checksum>
      </Template>
      <Template dnOrder="15">
        <Name dnOrder="0">UART6.c</Name>
        <Path dnOrder="1">Source&amp;#160;Files/app</Path>
        <Checksum dnOrder="2">79F344C56505D0635309261D6FC87253</Checksum>
      </Template>
      <Template dnOrder="16">
        <Name dnOrder="0">system_init.c</Name>
        <Path dnOrder="1">Source&amp;#160;Files/app/system_config/default</Path>
        <Checksum dnOrder="2">8EDE980315578C90FF749732D6D869C2</Checksum>
      </Template>
      <Template dnOrder="17">
        <Name dnOrder="0">UART4.c</Name>
        <Path dnOrder="1">Source&amp;#160;Files/app</Path>
        <Checksum dnOrder="2">C8A89EA936C7BB54A9F1DA0EB5C366AC</Checksum>
        <ProjectFileChecksum dnOrder="3">2E383EEDBC031C5E83A32D4DBAEEB90A</ProjectFileChecksum>
      </Template>
      <Template dnOrder="18">
        <Name dnOrder="0">main.c</Name>
        <Path dnOrder="1">Source&amp;#160;Files/app</Path>
        <Checksum dnOrder="2">81A51474D8A80D41AD749DEAE4C1A7A3</Checksum>
      </Template>
      <Template dnOrder="19">
        <Name dnOrder="0">UART5.c</Name>
        <Path dnOrder="1">Source&amp;#160;Files/app</Path>
        <Checksum dnOrder="2">B501EA5FCE871F20B71AC418A3C56524</Checksum>
        <ProjectFileChecksum dnOrder="3">160C5827BA8664BA2CCFA325A8F58D06</ProjectFileChecksum>
      </Template>
      <Template dnOrder="20">
        <Name dnOrder="0">system_definitions.h</Name>
        <Path dnOrder="1">Header&amp;#160;Files/app/system_config/default</Path>
        <Checksum dnOrder="2">0C8D11DCAC95556692EEB20AA8FFD401</Checksum>
      </Template>
      <Template dnOrder="21">
        <Name dnOrder="0">system_exceptions.c</Name>
        <Path dnOrder="1">Source&amp;#160;Files/app/system_config/default</Path>
        <Checksum dnOrder="2">9836A04F3E98D3971DB91DF539160F34</Checksum>
      </Template>
      <Template dnOrder="22">
        <Name dnOrder="0">sys_devcon.c</Name>
        <Path dnOrder="1">Source&amp;#160;Files/app/system_config/default/framework/system/devcon/src</Path>
        <Checksum dnOrder="2">54ADBD4A35BCA03C42C74182FCE41849</Checksum>
      </Template>
      <Template dnOrder="23">
        <Name dnOrder="0">sys_devcon_cache_pic32mz.S</Name>
        <Path dnOrder="1">Source&amp;#160;Files/app/system_config/default/framework/system/devcon/src</Path>
        <Checksum dnOrder="2">D0A9CCA1CA85BB1CE7364A5DE10CC07D</Checksum>
      </Template>
      <Template dnOrder="24">
        <Name dnOrder="0">sys_devcon_pic32mz.c</Name>
        <Path dnOrder="1">Source&amp;#160;Files/app/system_config/default/framework/system/devcon/src</Path>
        <Checksum dnOrder="2">D011F212E6410A0C92087C188E1F60AF</Checksum>
      </Template>
      <Template dnOrder="25">
        <Name dnOrder="0">system_tasks.c</Name>
        <Path dnOrder="1">Source&amp;#160;Files/app/system_config/default</Path>
        <Checksum dnOrder="2">1AFA1800C63C6E8DEFE68F06D3F75B6D</Checksum>
      </Template>
      <Template dnOrder="26">
        <Name dnOrder="0">system_config.h</Name>
        <Path dnOrder="1">Header&amp;#160;Files/app/system_config/default</Path>
        <Checksum dnOrder="2">F68C54C414F9FBD15EDB2AB8EEA26ED3</Checksum>
      </Template>
      <Template dnOrder="27">
        <Name dnOrder="0">rtos_hooks.c</Name>
        <Path dnOrder="1">Source&amp;#160;Files/app/system_config/default</Path>
        <Checksum dnOrder="2">FA52743264536E5207D2ADBE57B48D05</Checksum>
      </Template>
      <Template dnOrder="28">
        <Name dnOrder="0">UART2.c</Name>
        <Path dnOrder="1">Source&amp;#160;Files/app</Path>
        <Checksum dnOrder="2">8B7249A7FAE873E2F5BECD46A835E542</Checksum>
        <ProjectFileChecksum dnOrder="3">46F6821810F17905E9AD7511FCC48A2A</ProjectFileChecksum>
      </Template>
      <Template dnOrder="29">
        <Name dnOrder="0">UART3.c</Name>
        <Path dnOrder="1">Source&amp;#160;Files/app</Path>
        <Checksum dnOrder="2">411619E22A1C21B5194BF5B595E27190</Checksum>
      </Template>
      <Template dnOrder="30">
        <Name dnOrder="0">sys_clk_pic32mz.c</Name>
        <Path dnOrder="1">Source&amp;#160;Files/app/system_config/default/framework/system/clk/src</Path>
        <Checksum dnOrder="2">CC45A61DC821F2A45FBFD5EB0F76DD59</Checksum>
      </Template>
      <Template dnOrder="31">
        <Name dnOrder="0">UART1.c</Name>
        <Path dnOrder="1">Source&amp;#160;Files/app</Path>
        <Checksum dnOrder="2">4CB8656C3239846446ECBB2A1135E307</Checksum>
        <ProjectFileChecksum dnOrder="3">C75885318BD895322788106DF9A7B344</ProjectFileChecksum>
      </Template>
    </Templates>
    <CompilerItems dnOrder="2">
      <C32-AS dnOrder="0">
        <Include dnOrder="0" value="../../../../third_party/rtos/FreeRTOS/Source/include"/>
        <Include dnOrder="1" value="../../../../third_party/rtos/FreeRTOS/Source/portable/MPLAB/PIC32MZ"/>
        <Include dnOrder="2" value="../src/system_config/default"/>
      </C32-AS>
      <C32 dnOrder="1">
        <Include dnOrder="0" value="C:\microchip\harmony\v2_06\apps\CCU_USART_Multiport_RTOS_v1\firmware\src"/>
        <Include dnOrder="1" value="C:\microchip\harmony\v2_06\apps\CCU_USART_Multiport_RTOS_v1\firmware\src\system_config\default"/>
        <Include dnOrder="2" value="C:\microchip\harmony\v2_06\apps\CCU_USART_Multiport_RTOS_v1\firmware\src\default"/>
        <Include dnOrder="3" value="C:\microchip\harmony\v2_06\framework"/>
        <Include dnOrder="4" value="C:\microchip\harmony\v2_06\apps\CCU_USART_Multiport_RTOS_v1\firmware\src\system_config\default\framework"/>
        <Include dnOrder="5" value="../src/system_config/default/bsp"/>
        <Include dnOrder="6" value="../../../../third_party/rtos/FreeRTOS/Source/include"/>
        <Include dnOrder="7" value="../../../../third_party/rtos/FreeRTOS/Source/portable/MPLAB/PIC32MZ"/>
        <Include dnOrder="8" value="../src/system_config/default"/>
      </C32>
    </CompilerItems>
    <Libraries dnOrder="3">
      <Library dnOrder="0" value="../../../../bin/framework/peripheral/PIC32MZ2048EFH144_peripherals.a"/>
    </Libraries>
  </Manifest>
</Configuration>
