<?xml version="1.0" encoding="UTF-8"?>
<project-private xmlns="http://www.netbeans.org/ns/project-private/1">
    <editor-bookmarks xmlns="http://www.netbeans.org/ns/editor-bookmarks/2" lastBookmarkId="0"/>
    <open-files xmlns="http://www.netbeans.org/ns/projectui-open-files/2">
        <group>
            <file>file:/C:/microchip/harmony/v2_06/apps/GRAVHAC_HVAC_Model_Control_No_Schedule/firmware/src/global_terms.h</file>
            <file>file:/C:/microchip/harmony/v2_06/apps/GRAVHAC_HVAC_Model_Control_No_Schedule/firmware/src/SensorLog.c</file>
            <file>file:/C:/microchip/harmony/v2_06/apps/GRAVHAC_HVAC_Model_Control_No_Schedule/firmware/src/SystemControl.c</file>
            <file>file:/C:/microchip/harmony/v2_06/apps/GRAVHAC_HVAC_Model_Control_No_Schedule/firmware/src/SystemControl.h</file>
            <file>file:/C:/microchip/harmony/v2_06/apps/GRAVHAC_HVAC_Model_Control_No_Schedule/firmware/src/SystemHeartbeat.c</file>
        </group>
    </open-files>
</project-private>
