<?xml version="1.0" encoding="UTF-8" standalone="no"?>
<Configuration>
  <DisplayManager>
    <SystemInitScript dnOrder="0"/>
    <SystemStartScript dnOrder="1"/>
  </DisplayManager>
  <General>
    <HarmonyPath dnOrder="0" path="../.."/>
    <Processor dnOrder="1" name="PIC32MZ2048EFH144"/>
    <Board dnOrder="2" name=" "/>
    <ForceOptimization dnOrder="3" flag="true"/>
    <MergeStrategy dnOrder="4" flag="USER_ALL"/>
  </General>
  <Manifest>
    <Files dnOrder="0">
      <File dnOrder="0">
        <Name dnOrder="0">drv_tmr_mapping.h</Name>
        <Path dnOrder="1">Header&amp;#160;Files/framework/driver/tmr</Path>
      </File>
      <File dnOrder="1">
        <Name dnOrder="0">semphr.h</Name>
        <Path dnOrder="1">Header&amp;#160;Files/FreeRTOS</Path>
      </File>
      <File dnOrder="2">
        <Name dnOrder="0">drv_tmr_local.h</Name>
        <Path dnOrder="1">Header&amp;#160;Files/framework/driver/tmr/src</Path>
      </File>
      <File dnOrder="3">
        <Name dnOrder="0">driver_common.h</Name>
        <Path dnOrder="1">Header&amp;#160;Files/framework/driver</Path>
      </File>
      <File dnOrder="4">
        <Name dnOrder="0">drv_spi.c</Name>
        <Path dnOrder="1">Source&amp;#160;Files/framework/driver/spi/src/dynamic</Path>
      </File>
      <File dnOrder="5">
        <Name dnOrder="0">queue.h</Name>
        <Path dnOrder="1">Header&amp;#160;Files/FreeRTOS</Path>
      </File>
      <File dnOrder="6">
        <Name dnOrder="0">sys_fs_local.h</Name>
        <Path dnOrder="1">Header&amp;#160;Files/framework/system/fs/src</Path>
      </File>
      <File dnOrder="7">
        <Name dnOrder="0">sys_dma_definitions.h</Name>
        <Path dnOrder="1">Header&amp;#160;Files/framework/system/dma</Path>
      </File>
      <File dnOrder="8">
        <Name dnOrder="0">sys_tmr.c</Name>
        <Path dnOrder="1">Source&amp;#160;Files/framework/system/tmr/src</Path>
      </File>
      <File dnOrder="9">
        <Name dnOrder="0">croutine.c</Name>
        <Path dnOrder="1">Source&amp;#160;Files/FreeRTOS</Path>
      </File>
      <File dnOrder="10">
        <Name dnOrder="0">drv_spi_sys_queue_fifo.c</Name>
        <Path dnOrder="1">Source&amp;#160;Files/framework/driver/spi/src</Path>
      </File>
      <File dnOrder="11">
        <Name dnOrder="0">ff.h</Name>
        <Path dnOrder="1">Header&amp;#160;Files/framework/system/fs/fat_fs/src/file_system</Path>
      </File>
      <File dnOrder="12">
        <Name dnOrder="0">sys_fs_media_manager.c</Name>
        <Path dnOrder="1">Source&amp;#160;Files/framework/system/fs/src/dynamic</Path>
      </File>
      <File dnOrder="13">
        <Name dnOrder="0">sys_fs.h</Name>
        <Path dnOrder="1">Header&amp;#160;Files/framework/system/fs</Path>
      </File>
      <File dnOrder="14">
        <Name dnOrder="0">tmr_definitions_pic32m.h</Name>
        <Path dnOrder="1">Header&amp;#160;Files/framework/driver/tmr</Path>
      </File>
      <File dnOrder="15">
        <Name dnOrder="0">mpu_prototypes.h</Name>
        <Path dnOrder="1">Header&amp;#160;Files/FreeRTOS</Path>
      </File>
      <File dnOrder="16">
        <Name dnOrder="0">portmacro.h</Name>
        <Path dnOrder="1">Header&amp;#160;Files/FreeRTOS/portable/MPLAB/PIC32MZ</Path>
      </File>
      <File dnOrder="17">
        <Name dnOrder="0">drv_spi.h</Name>
        <Path dnOrder="1">Header&amp;#160;Files/framework/driver/spi</Path>
      </File>
      <File dnOrder="18">
        <Name dnOrder="0">drv_spi_definitions.h</Name>
        <Path dnOrder="1">Header&amp;#160;Files/framework/driver/spi</Path>
      </File>
      <File dnOrder="19">
        <Name dnOrder="0">list.h</Name>
        <Path dnOrder="1">Header&amp;#160;Files/FreeRTOS</Path>
      </File>
      <File dnOrder="20">
        <Name dnOrder="0">driver.h</Name>
        <Path dnOrder="1">Header&amp;#160;Files/framework/driver</Path>
      </File>
      <File dnOrder="21">
        <Name dnOrder="0">sys_int_pic32.c</Name>
        <Path dnOrder="1">Source&amp;#160;Files/framework/system/int/src</Path>
      </File>
      <File dnOrder="22">
        <Name dnOrder="0">stream_buffer.h</Name>
        <Path dnOrder="1">Header&amp;#160;Files/FreeRTOS</Path>
      </File>
      <File dnOrder="23">
        <Name dnOrder="0">mpfs.h</Name>
        <Path dnOrder="1">Header&amp;#160;Files/framework/system/fs/mpfs</Path>
      </File>
      <File dnOrder="24">
        <Name dnOrder="0">sys_clk.h</Name>
        <Path dnOrder="1">Header&amp;#160;Files/framework/system/clk</Path>
      </File>
      <File dnOrder="25">
        <Name dnOrder="0">drv_spi_sys_queue.h</Name>
        <Path dnOrder="1">Header&amp;#160;Files/framework/driver/spi/src</Path>
      </File>
      <File dnOrder="26">
        <Name dnOrder="0">sys_ports_definitions.h</Name>
        <Path dnOrder="1">Header&amp;#160;Files/framework/system/ports</Path>
      </File>
      <File dnOrder="27">
        <Name dnOrder="0">drv_tmr.c</Name>
        <Path dnOrder="1">Source&amp;#160;Files/framework/driver/tmr/src/dynamic</Path>
      </File>
      <File dnOrder="28">
        <Name dnOrder="0">sys_int_private.h</Name>
        <Path dnOrder="1">Header&amp;#160;Files/framework/system/int/src</Path>
      </File>
      <File dnOrder="29">
        <Name dnOrder="0">deprecated_definitions.h</Name>
        <Path dnOrder="1">Header&amp;#160;Files/FreeRTOS</Path>
      </File>
      <File dnOrder="30">
        <Name dnOrder="0">drv_tmr_compatibility.h</Name>
        <Path dnOrder="1">Header&amp;#160;Files/framework/driver/tmr</Path>
      </File>
      <File dnOrder="31">
        <Name dnOrder="0">sys_tmr_local.h</Name>
        <Path dnOrder="1">Header&amp;#160;Files/framework/system/tmr/src</Path>
      </File>
      <File dnOrder="32">
        <Name dnOrder="0">system.h</Name>
        <Path dnOrder="1">Header&amp;#160;Files/framework/system</Path>
      </File>
      <File dnOrder="33">
        <Name dnOrder="0">drv_usart.h</Name>
        <Path dnOrder="1">Header&amp;#160;Files/framework/driver/usart</Path>
      </File>
      <File dnOrder="34">
        <Name dnOrder="0">ffconf.h</Name>
        <Path dnOrder="1">Header&amp;#160;Files/framework/system/fs/fat_fs/src/file_system</Path>
      </File>
      <File dnOrder="35">
        <Name dnOrder="0">mpfs_local.h</Name>
        <Path dnOrder="1">Header&amp;#160;Files/framework/system/fs/mpfs/src</Path>
      </File>
      <File dnOrder="36">
        <Name dnOrder="0">sys_fs.c</Name>
        <Path dnOrder="1">Source&amp;#160;Files/framework/system/fs/src/dynamic</Path>
      </File>
      <File dnOrder="37">
        <Name dnOrder="0">sys_fs_media_manager.h</Name>
        <Path dnOrder="1">Header&amp;#160;Files/framework/system/fs</Path>
      </File>
      <File dnOrder="38">
        <Name dnOrder="0">message_buffer.h</Name>
        <Path dnOrder="1">Header&amp;#160;Files/FreeRTOS</Path>
      </File>
      <File dnOrder="39">
        <Name dnOrder="0">drv_spi_variant_mapping.h</Name>
        <Path dnOrder="1">Header&amp;#160;Files/framework/driver/spi/src</Path>
      </File>
      <File dnOrder="40">
        <Name dnOrder="0">timers.h</Name>
        <Path dnOrder="1">Header&amp;#160;Files/FreeRTOS</Path>
      </File>
      <File dnOrder="41">
        <Name dnOrder="0">heap_1.c</Name>
        <Path dnOrder="1">Source&amp;#160;Files/FreeRTOS/portable/MemMang</Path>
      </File>
      <File dnOrder="42">
        <Name dnOrder="0">task.h</Name>
        <Path dnOrder="1">Header&amp;#160;Files/FreeRTOS</Path>
      </File>
      <File dnOrder="43">
        <Name dnOrder="0">port.c</Name>
        <Path dnOrder="1">Source&amp;#160;Files/FreeRTOS/portable/MPLAB/PIC32MZ</Path>
      </File>
      <File dnOrder="44">
        <Name dnOrder="0">sys_int.h</Name>
        <Path dnOrder="1">Header&amp;#160;Files/framework/system/int</Path>
      </File>
      <File dnOrder="45">
        <Name dnOrder="0">drv_sdcard_local.h</Name>
        <Path dnOrder="1">Header&amp;#160;Files/framework/driver/sdcard/src</Path>
      </File>
      <File dnOrder="46">
        <Name dnOrder="0">drv_sdcard.c</Name>
        <Path dnOrder="1">Source&amp;#160;Files/framework/driver/sdcard/src/dynamic</Path>
      </File>
      <File dnOrder="47">
        <Name dnOrder="0">drv_tmr_variant_mapping.h</Name>
        <Path dnOrder="1">Header&amp;#160;Files/framework/driver/tmr/src</Path>
      </File>
      <File dnOrder="48">
        <Name dnOrder="0">list.c</Name>
        <Path dnOrder="1">Source&amp;#160;Files/FreeRTOS</Path>
      </File>
      <File dnOrder="49">
        <Name dnOrder="0">drv_sdcard_variant_mapping.h</Name>
        <Path dnOrder="1">Header&amp;#160;Files/framework/driver/sdcard/src</Path>
      </File>
      <File dnOrder="50">
        <Name dnOrder="0">drv_tmr.h</Name>
        <Path dnOrder="1">Header&amp;#160;Files/framework/driver/tmr</Path>
      </File>
      <File dnOrder="51">
        <Name dnOrder="0">sys_dma.h</Name>
        <Path dnOrder="1">Header&amp;#160;Files/framework/system/dma</Path>
      </File>
      <File dnOrder="52">
        <Name dnOrder="0">sys_tmr.h</Name>
        <Path dnOrder="1">Header&amp;#160;Files/framework/system/tmr</Path>
      </File>
      <File dnOrder="53">
        <Name dnOrder="0">osal_freertos.h</Name>
        <Path dnOrder="1">Header&amp;#160;Files/framework/osal</Path>
      </File>
      <File dnOrder="54">
        <Name dnOrder="0">osal.h</Name>
        <Path dnOrder="1">Header&amp;#160;Files/framework/osal</Path>
      </File>
      <File dnOrder="55">
        <Name dnOrder="0">StackMacros.h</Name>
        <Path dnOrder="1">Header&amp;#160;Files/FreeRTOS</Path>
      </File>
      <File dnOrder="56">
        <Name dnOrder="0">drv_usart_local.h</Name>
        <Path dnOrder="1">Header&amp;#160;Files/framework/driver/usart/src</Path>
      </File>
      <File dnOrder="57">
        <Name dnOrder="0">osal_freertos.c</Name>
        <Path dnOrder="1">Source&amp;#160;Files/framework/osal/src</Path>
      </File>
      <File dnOrder="58">
        <Name dnOrder="0">tasks.c</Name>
        <Path dnOrder="1">Source&amp;#160;Files/FreeRTOS</Path>
      </File>
      <File dnOrder="59">
        <Name dnOrder="0">sys_ports.h</Name>
        <Path dnOrder="1">Header&amp;#160;Files/framework/system/ports</Path>
      </File>
      <File dnOrder="60">
        <Name dnOrder="0">diskio.h</Name>
        <Path dnOrder="1">Header&amp;#160;Files/framework/system/fs/fat_fs/src/hardware_access</Path>
      </File>
      <File dnOrder="61">
        <Name dnOrder="0">projdefs.h</Name>
        <Path dnOrder="1">Header&amp;#160;Files/FreeRTOS</Path>
      </File>
      <File dnOrder="62">
        <Name dnOrder="0">ISR_Support.h</Name>
        <Path dnOrder="1">Header&amp;#160;Files/FreeRTOS/portable/MPLAB/PIC32MZ</Path>
      </File>
      <File dnOrder="63">
        <Name dnOrder="0">drv_usart_read_write.c</Name>
        <Path dnOrder="1">Source&amp;#160;Files/framework/driver/usart/src/dynamic</Path>
      </File>
      <File dnOrder="64">
        <Name dnOrder="0">portable.h</Name>
        <Path dnOrder="1">Header&amp;#160;Files/FreeRTOS</Path>
      </File>
      <File dnOrder="65">
        <Name dnOrder="0">drv_usart.c</Name>
        <Path dnOrder="1">Source&amp;#160;Files/framework/driver/usart/src/dynamic</Path>
      </File>
      <File dnOrder="66">
        <Name dnOrder="0">croutine.h</Name>
        <Path dnOrder="1">Header&amp;#160;Files/FreeRTOS</Path>
      </File>
      <File dnOrder="67">
        <Name dnOrder="0">drv_spi_sys_queue_local_fifo.h</Name>
        <Path dnOrder="1">Header&amp;#160;Files/framework/driver/spi/src</Path>
      </File>
      <File dnOrder="68">
        <Name dnOrder="0">sys_common.h</Name>
        <Path dnOrder="1">Header&amp;#160;Files/framework/system/common</Path>
      </File>
      <File dnOrder="69">
        <Name dnOrder="0">sys_buffer.h</Name>
        <Path dnOrder="1">Header&amp;#160;Files/framework/system/common</Path>
      </File>
      <File dnOrder="70">
        <Name dnOrder="0">event_groups.h</Name>
        <Path dnOrder="1">Header&amp;#160;Files/FreeRTOS</Path>
      </File>
      <File dnOrder="71">
        <Name dnOrder="0">drv_sdcard.h</Name>
        <Path dnOrder="1">Header&amp;#160;Files/framework/driver/sdcard</Path>
      </File>
      <File dnOrder="72">
        <Name dnOrder="0">drv_usart_definitions.h</Name>
        <Path dnOrder="1">Header&amp;#160;Files/framework/driver/usart</Path>
      </File>
      <File dnOrder="73">
        <Name dnOrder="0">sys_clk_compatibility.h</Name>
        <Path dnOrder="1">Header&amp;#160;Files/framework/system/clk</Path>
      </File>
      <File dnOrder="74">
        <Name dnOrder="0">osal_impl_basic.h</Name>
        <Path dnOrder="1">Header&amp;#160;Files/framework/osal</Path>
      </File>
      <File dnOrder="75">
        <Name dnOrder="0">sys_clk_mapping.h</Name>
        <Path dnOrder="1">Header&amp;#160;Files/framework/system/clk</Path>
      </File>
      <File dnOrder="76">
        <Name dnOrder="0">sys_int_mapping.h</Name>
        <Path dnOrder="1">Header&amp;#160;Files/framework/system/int</Path>
      </File>
      <File dnOrder="77">
        <Name dnOrder="0">osal_definitions.h</Name>
        <Path dnOrder="1">Header&amp;#160;Files/framework/osal</Path>
      </File>
      <File dnOrder="78">
        <Name dnOrder="0">stream_buffer.c</Name>
        <Path dnOrder="1">Source&amp;#160;Files/FreeRTOS</Path>
      </File>
      <File dnOrder="79">
        <Name dnOrder="0">drv_spi_internal.h</Name>
        <Path dnOrder="1">Header&amp;#160;Files/framework/driver/spi/src/dynamic</Path>
      </File>
      <File dnOrder="80">
        <Name dnOrder="0">ff.c</Name>
        <Path dnOrder="1">Source&amp;#160;Files/framework/system/fs</Path>
      </File>
      <File dnOrder="81">
        <Name dnOrder="0">FreeRTOS.h</Name>
        <Path dnOrder="1">Header&amp;#160;Files/FreeRTOS</Path>
      </File>
      <File dnOrder="82">
        <Name dnOrder="0">drv_sdcard_mapping.h</Name>
        <Path dnOrder="1">Header&amp;#160;Files/framework/driver/sdcard</Path>
      </File>
      <File dnOrder="83">
        <Name dnOrder="0">event_groups.c</Name>
        <Path dnOrder="1">Source&amp;#160;Files/FreeRTOS</Path>
      </File>
      <File dnOrder="84">
        <Name dnOrder="0">port_asm.S</Name>
        <Path dnOrder="1">Source&amp;#160;Files/FreeRTOS/portable/MPLAB/PIC32MZ</Path>
      </File>
      <File dnOrder="85">
        <Name dnOrder="0">sys_debug.h</Name>
        <Path dnOrder="1">Header&amp;#160;Files/framework/system/debug</Path>
      </File>
      <File dnOrder="86">
        <Name dnOrder="0">drv_usart_variant_mapping.h</Name>
        <Path dnOrder="1">Header&amp;#160;Files/framework/driver/usart/src</Path>
      </File>
      <File dnOrder="87">
        <Name dnOrder="0">sys_module.h</Name>
        <Path dnOrder="1">Header&amp;#160;Files/framework/system/common</Path>
      </File>
      <File dnOrder="88">
        <Name dnOrder="0">diskio.c</Name>
        <Path dnOrder="1">Source&amp;#160;Files/framework/system/fs</Path>
      </File>
      <File dnOrder="89">
        <Name dnOrder="0">sys_fs_media_manager_local.h</Name>
        <Path dnOrder="1">Header&amp;#160;Files/framework/system/fs/src</Path>
      </File>
      <File dnOrder="90">
        <Name dnOrder="0">timers.c</Name>
        <Path dnOrder="1">Source&amp;#160;Files/FreeRTOS</Path>
      </File>
      <File dnOrder="91">
        <Name dnOrder="0">mpu_wrappers.h</Name>
        <Path dnOrder="1">Header&amp;#160;Files/FreeRTOS</Path>
      </File>
      <File dnOrder="92">
        <Name dnOrder="0">sys_queue.h</Name>
        <Path dnOrder="1">Header&amp;#160;Files/framework/system/common</Path>
      </File>
      <File dnOrder="93">
        <Name dnOrder="0">queue.c</Name>
        <Path dnOrder="1">Source&amp;#160;Files/FreeRTOS</Path>
      </File>
    </Files>
    <Templates dnOrder="1">
      <Template dnOrder="0">
        <Name dnOrder="0">SensorLog.h</Name>
        <Path dnOrder="1">Header&amp;#160;Files/app</Path>
      </Template>
      <Template dnOrder="1">
        <Name dnOrder="0">SystemControl.h</Name>
        <Path dnOrder="1">Header&amp;#160;Files/app</Path>
      </Template>
      <Template dnOrder="2">
        <Name dnOrder="0">sys_ports_static.c</Name>
        <Path dnOrder="1">Source&amp;#160;Files/app/system_config/default/framework/system/ports/src</Path>
        <Checksum dnOrder="2">977E31B6636C4C87366BE3F2204201F1</Checksum>
      </Template>
      <Template dnOrder="3">
        <Name dnOrder="0">sys_devcon_cache.h</Name>
        <Path dnOrder="1">Source&amp;#160;Files/app/system_config/default/framework/system/devcon/src</Path>
        <Checksum dnOrder="2">5EB0485AC07A8B25665195B960AFBE5B</Checksum>
      </Template>
      <Template dnOrder="4">
        <Name dnOrder="0">system_interrupt_a.S</Name>
        <Path dnOrder="1">Source&amp;#160;Files/app/system_config/default</Path>
        <Checksum dnOrder="2">E1CF348ED937047371F3063A88E0CA34</Checksum>
      </Template>
      <Template dnOrder="5">
        <Name dnOrder="0">SystemControl.c</Name>
        <Path dnOrder="1">Source&amp;#160;Files/app</Path>
      </Template>
      <Template dnOrder="6">
        <Name dnOrder="0">bsp.c</Name>
        <Path dnOrder="1">Source&amp;#160;Files/app/system_config/default/bsp</Path>
        <Checksum dnOrder="2">124B9454C2758F643DEAF0B30DF522FF</Checksum>
      </Template>
      <Template dnOrder="7">
        <Name dnOrder="0">DamperHVAC.h</Name>
        <Path dnOrder="1">Header&amp;#160;Files/app</Path>
      </Template>
      <Template dnOrder="8">
        <Name dnOrder="0">sys_devcon_local.h</Name>
        <Path dnOrder="1">Header&amp;#160;Files/app/system_config/default/framework/system/devcon/src</Path>
        <Checksum dnOrder="2">B66F9B4DBD85DA7F9DE775E864E01395</Checksum>
      </Template>
      <Template dnOrder="9">
        <Name dnOrder="0">drv_spi_tasks.c</Name>
        <Path dnOrder="1">Source&amp;#160;Files/app/system_config/default/framework/driver/spi/dynamic</Path>
        <Checksum dnOrder="2">B8D534FC99E9DAC9CE3CE2AFE17C3907</Checksum>
      </Template>
      <Template dnOrder="10">
        <Name dnOrder="0">SensorLog.c</Name>
        <Path dnOrder="1">Source&amp;#160;Files/app</Path>
      </Template>
      <Template dnOrder="11">
        <Name dnOrder="0">U2.c</Name>
        <Path dnOrder="1">Source&amp;#160;Files/app</Path>
      </Template>
      <Template dnOrder="12">
        <Name dnOrder="0">U1.c</Name>
        <Path dnOrder="1">Source&amp;#160;Files/app</Path>
      </Template>
      <Template dnOrder="13">
        <Name dnOrder="0">sys_devcon.h</Name>
        <Path dnOrder="1">Header&amp;#160;Files/app/system_config/default/framework/system/devcon</Path>
        <Checksum dnOrder="2">07580DCDEF89D9C79B062544109C5367</Checksum>
      </Template>
      <Template dnOrder="14">
        <Name dnOrder="0">U4.c</Name>
        <Path dnOrder="1">Source&amp;#160;Files/app</Path>
      </Template>
      <Template dnOrder="15">
        <Name dnOrder="0">bsp.h</Name>
        <Path dnOrder="1">Header&amp;#160;Files/app/system_config/default/bsp</Path>
        <Checksum dnOrder="2">1CE1BBC67526F37CD2F5E9CF12E4435A</Checksum>
      </Template>
      <Template dnOrder="16">
        <Name dnOrder="0">FreeRTOSConfig.h</Name>
        <Path dnOrder="1">Header&amp;#160;Files/app/system_config/default</Path>
        <Checksum dnOrder="2">6E93C9020EB2673CD3BE5122CFB9C914</Checksum>
      </Template>
      <Template dnOrder="17">
        <Name dnOrder="0">U3.c</Name>
        <Path dnOrder="1">Source&amp;#160;Files/app</Path>
      </Template>
      <Template dnOrder="18">
        <Name dnOrder="0">system_interrupt.c</Name>
        <Path dnOrder="1">Source&amp;#160;Files/app/system_config/default</Path>
        <Checksum dnOrder="2">31214BAA2107CF44320968D672D2490D</Checksum>
      </Template>
      <Template dnOrder="19">
        <Name dnOrder="0">drv_spi_api.c</Name>
        <Path dnOrder="1">Source&amp;#160;Files/app/system_config/default/framework/driver/spi/dynamic</Path>
        <Checksum dnOrder="2">615D0B3998780D1680273302CCF44179</Checksum>
      </Template>
      <Template dnOrder="20">
        <Name dnOrder="0">nvm_disk_images.h</Name>
        <Path dnOrder="1">Header&amp;#160;Files/app/system_config/default/framework/system/fs</Path>
        <Checksum dnOrder="2">B00B90E021F15FFD6B0B1B7F2D0650A5</Checksum>
      </Template>
      <Template dnOrder="21">
        <Name dnOrder="0">DamperHVAC.c</Name>
        <Path dnOrder="1">Source&amp;#160;Files/app</Path>
      </Template>
      <Template dnOrder="22">
        <Name dnOrder="0">system_init.c</Name>
        <Path dnOrder="1">Source&amp;#160;Files/app/system_config/default</Path>
        <Checksum dnOrder="2">5C45FB0BC5710C2DE83F91242F4F5F2F</Checksum>
      </Template>
      <Template dnOrder="23">
        <Name dnOrder="0">U6.h</Name>
        <Path dnOrder="1">Header&amp;#160;Files/app</Path>
      </Template>
      <Template dnOrder="24">
        <Name dnOrder="0">main.c</Name>
        <Path dnOrder="1">Source&amp;#160;Files/app</Path>
      </Template>
      <Template dnOrder="25">
        <Name dnOrder="0">U4.h</Name>
        <Path dnOrder="1">Header&amp;#160;Files/app</Path>
      </Template>
      <Template dnOrder="26">
        <Name dnOrder="0">U5.h</Name>
        <Path dnOrder="1">Header&amp;#160;Files/app</Path>
      </Template>
      <Template dnOrder="27">
        <Name dnOrder="0">U2.h</Name>
        <Path dnOrder="1">Header&amp;#160;Files/app</Path>
      </Template>
      <Template dnOrder="28">
        <Name dnOrder="0">U3.h</Name>
        <Path dnOrder="1">Header&amp;#160;Files/app</Path>
      </Template>
      <Template dnOrder="29">
        <Name dnOrder="0">U6.c</Name>
        <Path dnOrder="1">Source&amp;#160;Files/app</Path>
      </Template>
      <Template dnOrder="30">
        <Name dnOrder="0">system_definitions.h</Name>
        <Path dnOrder="1">Header&amp;#160;Files/app/system_config/default</Path>
        <Checksum dnOrder="2">92ADF06E008459E2D384D12EFEF52776</Checksum>
      </Template>
      <Template dnOrder="31">
        <Name dnOrder="0">system_exceptions.c</Name>
        <Path dnOrder="1">Source&amp;#160;Files/app/system_config/default</Path>
        <Checksum dnOrder="2">9836A04F3E98D3971DB91DF539160F34</Checksum>
      </Template>
      <Template dnOrder="32">
        <Name dnOrder="0">U5.c</Name>
        <Path dnOrder="1">Source&amp;#160;Files/app</Path>
      </Template>
      <Template dnOrder="33">
        <Name dnOrder="0">sys_devcon.c</Name>
        <Path dnOrder="1">Source&amp;#160;Files/app/system_config/default/framework/system/devcon/src</Path>
        <Checksum dnOrder="2">54ADBD4A35BCA03C42C74182FCE41849</Checksum>
      </Template>
      <Template dnOrder="34">
        <Name dnOrder="0">sram_disk_images.h</Name>
        <Path dnOrder="1">Header&amp;#160;Files/app/system_config/default/framework/system/fs</Path>
        <Checksum dnOrder="2">A58BD5BF8E05EF7FF97B8F41007499C4</Checksum>
      </Template>
      <Template dnOrder="35">
        <Name dnOrder="0">GUI.c</Name>
        <Path dnOrder="1">Source&amp;#160;Files/app</Path>
      </Template>
      <Template dnOrder="36">
        <Name dnOrder="0">sys_devcon_cache_pic32mz.S</Name>
        <Path dnOrder="1">Source&amp;#160;Files/app/system_config/default/framework/system/devcon/src</Path>
        <Checksum dnOrder="2">D0A9CCA1CA85BB1CE7364A5DE10CC07D</Checksum>
      </Template>
      <Template dnOrder="37">
        <Name dnOrder="0">sys_devcon_pic32mz.c</Name>
        <Path dnOrder="1">Source&amp;#160;Files/app/system_config/default/framework/system/devcon/src</Path>
        <Checksum dnOrder="2">D011F212E6410A0C92087C188E1F60AF</Checksum>
      </Template>
      <Template dnOrder="38">
        <Name dnOrder="0">system_tasks.c</Name>
        <Path dnOrder="1">Source&amp;#160;Files/app/system_config/default</Path>
        <Checksum dnOrder="2">769340B4E0C6E6EF3CDB613E9F94FE63</Checksum>
      </Template>
      <Template dnOrder="39">
        <Name dnOrder="0">system_config.h</Name>
        <Path dnOrder="1">Header&amp;#160;Files/app/system_config/default</Path>
        <Checksum dnOrder="2">9B57BD8881C09518EF5B86E31D4F0091</Checksum>
      </Template>
      <Template dnOrder="40">
        <Name dnOrder="0">U1.h</Name>
        <Path dnOrder="1">Header&amp;#160;Files/app</Path>
      </Template>
      <Template dnOrder="41">
        <Name dnOrder="0">rtos_hooks.c</Name>
        <Path dnOrder="1">Source&amp;#160;Files/app/system_config/default</Path>
        <Checksum dnOrder="2">FA52743264536E5207D2ADBE57B48D05</Checksum>
      </Template>
      <Template dnOrder="42">
        <Name dnOrder="0">GUI.h</Name>
        <Path dnOrder="1">Header&amp;#160;Files/app</Path>
      </Template>
      <Template dnOrder="43">
        <Name dnOrder="0">drv_spi_master_ebm_tasks.c</Name>
        <Path dnOrder="1">Source&amp;#160;Files/app/system_config/default/framework/driver/spi/dynamic</Path>
        <Checksum dnOrder="2">DF2E896C1FA81F4B5056E3B22DD340B6</Checksum>
      </Template>
      <Template dnOrder="44">
        <Name dnOrder="0">sys_clk_pic32mz.c</Name>
        <Path dnOrder="1">Source&amp;#160;Files/app/system_config/default/framework/system/clk/src</Path>
        <Checksum dnOrder="2">091679006649FD2C1F94CE9EF4A2F7B6</Checksum>
      </Template>
    </Templates>
    <CompilerItems dnOrder="2">
      <C32-AS dnOrder="0">
        <Include dnOrder="0" value="../../../../third_party/rtos/FreeRTOS/Source/include"/>
        <Include dnOrder="1" value="../../../../third_party/rtos/FreeRTOS/Source/portable/MPLAB/PIC32MZ"/>
        <Include dnOrder="2" value="../src/system_config/default"/>
      </C32-AS>
      <C32 dnOrder="1">
        <Include dnOrder="0" value="C:\microchip\harmony\v2_06\apps\Beta_Flow_CCU_v1\firmware\src"/>
        <Include dnOrder="1" value="C:\microchip\harmony\v2_06\apps\Beta_Flow_CCU_v1\firmware\src\system_config\default"/>
        <Include dnOrder="2" value="C:\microchip\harmony\v2_06\apps\Beta_Flow_CCU_v1\firmware\src\default"/>
        <Include dnOrder="3" value="C:\microchip\harmony\v2_06\framework"/>
        <Include dnOrder="4" value="C:\microchip\harmony\v2_06\apps\Beta_Flow_CCU_v1\firmware\src\system_config\default\framework"/>
        <Include dnOrder="5" value="../src/system_config/default/bsp"/>
        <Include dnOrder="6" value="../../../../third_party/rtos/FreeRTOS/Source/include"/>
        <Include dnOrder="7" value="../../../../third_party/rtos/FreeRTOS/Source/portable/MPLAB/PIC32MZ"/>
        <Include dnOrder="8" value="../src/system_config/default"/>
      </C32>
    </CompilerItems>
    <Libraries dnOrder="3">
      <Library dnOrder="0" value="../../../../bin/framework/peripheral/PIC32MZ2048EFH144_peripherals.a"/>
    </Libraries>
  </Manifest>
</Configuration>
